ngay,2026-10-07,,,,,,,,,
ma,close,pct,kl_trieu,kl_tb20_trieu,ma20,rs,rsi,rsi_truoc,cci,cci_truoc
VIC,230.0,-0.0086,4.0,3.59,235.1,80,48.8,50.7,-60.5,-21.8
VHM,68.0,-0.0145,4.67,9.4,69.55,46,43.1,46.4,-60.0,-43.6
MSN,75.2,0.0444,15.56,5.41,69.44,89,72.8,63.8,214.3,125.1
MCH,142.7,0.0121,0.75,0.6,141.49,86,59.1,52.6,60.9,-46.3
TCB,32.3,-0.0046,14.88,16.11,32.46,72,49.7,51.1,-52.4,-29.9
HDB,28.1,0.0018,10.18,11.62,27.6,82,58.7,58.0,80.3,64.9
VPB,23.4,0.0086,15.44,22.24,22.49,90,64.9,63.0,108.7,90.4
VCB,57.2,-0.0017,1.9,4.26,58.37,55,39.8,40.6,-111.6,-154.3
FPT,59.7,-0.0116,5.44,5.78,64.57,47,28.4,30.5,-161.1,-171.7
HPG,20.35,-0.0073,13.4,18.13,20.79,35,40.3,42.4,-65.2,-75.9
MWG,76.9,0.0253,5.36,2.91,71.88,81,68.5,63.2,292.5,252.8
VNM,58.0,-0.0068,1.86,2.47,59.67,80,39.6,41.4,-119.9,-152.8
GAS,78.4,-0.0113,0.66,1.48,83.03,87,42.1,44.1,-133.2,-152.7
BSR,31.75,0.0209,6.69,13.56,30.55,96,62.2,59.0,65.7,20.5
GVR,34.0,0.0366,3.47,2.82,32.24,91,64.8,56.4,123.9,38.9
