date,pct_ma20,pct_ma50,pct_ma200,so_ma_ma20
2024-12-19,43.24,35.48,33.33,111
2024-12-20,54.57,35.48,100.0,372
2024-12-23,58.02,44.12,66.67,374
2024-12-24,56.72,45.71,100.0,372
2024-12-25,69.79,55.26,66.67,374
2024-12-26,67.29,37.84,40.0,373
2024-12-27,63.0,51.35,33.33,373
2024-12-30,55.38,48.65,0.0,372
2024-12-31,54.16,53.85,40.0,373
2025-01-02,52.3,48.65,0.0,369
2025-01-03,42.51,48.65,100.0,367
2025-01-06,32.15,45.0,33.33,367
2025-01-07,32.34,46.34,50.0,368
2025-01-08,33.97,46.67,33.33,368
2025-01-09,31.71,37.78,50.0,369
2025-01-10,23.58,40.0,33.33,369
2025-01-13,25.07,40.82,66.67,371
2025-01-14,27.64,46.94,100.0,369
2025-01-15,30.0,42.31,100.0,370
2025-01-16,33.51,42.31,66.67,370
2025-01-17,37.9,49.06,33.33,372
2025-01-20,38.44,50.0,50.0,372
2025-01-21,36.19,50.0,50.0,373
2025-01-22,36.22,50.77,100.0,370
2025-01-23,44.17,52.24,100.0,369
2025-01-24,51.61,55.26,50.0,372
2025-02-03,50.14,58.23,33.33,369
2025-02-04,63.71,59.3,40.0,372
2025-02-05,68.63,58.89,50.0,373
2025-02-06,70.54,58.24,50.0,370
2025-02-07,73.66,60.38,50.0,372
2025-02-10,60.81,52.03,100.0,370
2025-02-11,62.63,54.72,60.0,372
2025-02-12,64.23,57.34,60.0,369
2025-02-13,65.04,57.34,75.0,369
2025-02-14,69.09,58.22,80.0,372
2025-02-17,70.16,60.11,50.0,372
2025-02-18,68.63,62.63,75.0,373
2025-02-19,76.34,69.81,75.0,372
2025-02-20,75.8,70.67,66.67,376
2025-02-21,76.08,69.81,50.0,372
2025-02-24,76.68,70.7,50.0,373
2025-02-25,74.87,69.71,20.0,374
2025-02-26,75.47,68.38,25.0,371
2025-02-27,76.82,71.97,75.0,371
2025-02-28,73.53,73.26,20.0,374
2025-03-03,70.7,74.19,50.0,372
2025-03-04,69.27,71.7,50.0,371
2025-03-05,54.84,66.67,50.0,372
2025-03-06,57.72,69.38,50.0,369
2025-03-07,61.73,70.62,66.67,371
2025-03-10,57.8,69.35,50.0,372
2025-03-11,54.28,66.58,50.0,374
2025-03-12,51.61,66.94,60.0,372
2025-03-13,39.73,60.0,50.0,370
2025-03-14,38.38,60.81,50.0,370
2025-03-17,40.27,62.43,75.0,370
2025-03-18,39.46,61.35,66.67,370
2025-03-19,34.32,60.32,60.0,373
2025-03-20,34.42,60.16,75.0,369
2025-03-21,34.86,57.3,100.0,370
2025-03-24,31.79,53.26,100.0,368
2025-03-25,35.31,54.99,75.0,371
2025-03-26,31.35,54.59,100.0,370
2025-03-27,33.06,53.76,80.0,372
2025-03-28,32.62,50.53,57.14,374
2025-03-31,27.49,43.13,60.0,371
2025-04-01,30.03,47.45,57.14,373
2025-04-02,34.32,47.18,66.67,373
2025-04-03,9.87,19.2,50.0,375
2025-04-04,9.89,16.04,57.14,374
2025-04-08,5.63,8.04,66.67,373
2025-04-09,5.35,8.56,50.0,374
2025-04-10,19.1,19.89,62.5,377
2025-04-11,21.39,21.12,57.14,374
2025-04-14,21.02,19.95,66.67,371
2025-04-15,20.22,18.6,66.67,371
2025-04-16,22.04,19.35,42.86,372
2025-04-17,22.91,19.95,42.86,371
2025-04-18,28.49,21.51,37.5,372
2025-04-21,29.95,21.93,50.0,374
2025-04-22,21.07,17.07,28.57,375
2025-04-23,32.98,22.25,42.86,373
2025-04-24,35.92,23.06,37.5,373
2025-04-25,43.24,25.14,33.33,370
2025-04-28,47.99,24.93,42.86,373
2025-04-29,53.21,25.94,55.56,374
2025-05-05,65.24,29.41,62.5,374
2025-05-06,71.85,28.95,30.0,373
2025-05-07,76.8,29.07,40.0,375
2025-05-08,81.96,31.3,36.36,377
2025-05-09,78.99,33.51,27.27,376
2025-05-12,80.11,35.48,50.0,372
2025-05-13,80.91,37.9,28.57,372
2025-05-14,82.13,43.2,33.33,375
2025-05-15,83.29,44.2,50.0,371
2025-05-16,81.5,43.43,37.5,373
2025-05-19,76.0,44.0,50.0,375
2025-05-20,77.75,44.5,50.0,373
2025-05-21,75.34,43.97,44.44,373
2025-05-22,67.83,42.36,44.44,373
2025-05-23,65.51,46.79,60.0,374
2025-05-26,75.34,55.23,50.0,373
2025-05-27,78.4,63.73,40.0,375
2025-05-28,78.34,65.51,30.0,374
2025-05-29,75.67,67.65,45.45,374
2025-05-30,66.49,61.17,46.67,376
2025-06-02,66.04,65.78,50.0,374
2025-06-03,70.56,72.41,40.0,377
2025-06-04,71.81,73.4,50.0,376
2025-06-05,71.85,75.6,46.15,373
2025-06-06,60.7,70.86,53.85,374
2025-06-09,46.01,64.27,50.0,376
2025-06-10,48.66,66.85,54.55,372
2025-06-11,49.6,68.82,27.27,373
2025-06-12,56.91,76.53,42.86,376
2025-06-13,42.78,69.44,50.0,374
2025-06-16,51.86,75.2,35.71,376
2025-06-17,54.01,77.75,33.33,374
2025-06-18,49.6,77.3,50.0,371
2025-06-19,46.65,76.34,41.67,373
2025-06-20,50.27,76.41,33.33,374
2025-06-23,47.07,73.07,33.33,376
2025-06-24,51.73,72.73,38.46,375
2025-06-25,48.81,72.34,33.33,377
2025-06-26,49.46,71.43,35.71,372
2025-06-27,52.0,72.19,43.75,375
2025-06-30,58.89,72.34,33.33,377
2025-07-01,57.22,71.58,43.75,374
2025-07-02,62.83,72.92,33.33,374
2025-07-03,68.18,73.19,43.75,374
2025-07-04,70.4,74.33,29.41,375
2025-07-07,75.2,75.67,35.29,375
2025-07-08,79.62,77.69,40.0,373
2025-07-09,79.14,79.36,35.29,374
2025-07-10,80.7,81.18,50.0,373
2025-07-11,77.39,82.4,38.1,376
2025-07-14,80.38,81.94,36.84,372
2025-07-15,77.87,82.09,36.36,375
2025-07-16,76.94,80.38,33.33,373
2025-07-17,82.76,84.04,46.15,377
2025-07-18,80.37,83.24,42.31,377
2025-07-21,78.4,81.6,41.67,375
2025-07-22,81.38,82.18,40.0,376
2025-07-23,82.89,83.42,44.0,374
2025-07-24,82.4,84.0,40.74,375
2025-07-25,83.11,85.79,44.0,373
2025-07-28,84.53,86.4,53.85,375
2025-07-29,63.1,76.2,46.15,374
2025-07-30,63.1,79.14,42.86,374
2025-07-31,67.02,78.82,42.86,373
2025-08-01,61.44,78.19,41.94,376
2025-08-04,67.37,78.51,48.48,377
2025-08-05,64.1,79.26,57.14,376
2025-08-06,69.6,81.33,62.86,375
2025-08-07,70.93,81.87,60.0,375
2025-08-08,71.88,81.43,56.76,377
2025-08-11,75.53,84.04,63.16,376
2025-08-12,76.25,83.38,64.29,379
2025-08-13,74.8,82.49,59.52,377
2025-08-14,72.15,81.7,59.09,377
2025-08-15,61.97,79.52,64.44,376
2025-08-18,63.56,78.72,60.0,376
2025-08-19,61.6,78.13,63.04,375
2025-08-20,53.19,73.94,61.22,376
2025-08-21,46.52,70.86,61.7,374
2025-08-22,31.55,59.63,59.18,374
2025-08-25,29.97,56.5,64.81,377
2025-08-26,38.77,62.3,62.26,374
2025-08-27,41.44,63.9,64.15,374
2025-08-28,42.02,64.36,63.64,376
2025-08-29,40.91,63.9,65.52,374
2025-09-03,48.67,66.22,63.49,376
2025-09-04,55.85,67.55,65.67,376
2025-09-05,47.47,65.87,63.77,375
2025-09-08,27.39,53.99,65.79,376
2025-09-09,29.57,54.57,66.67,372
2025-09-10,30.05,51.6,66.28,376
2025-09-11,35.81,52.79,63.33,377
2025-09-12,42.13,56.53,67.39,375
2025-09-15,57.07,63.47,68.57,375
2025-09-16,54.38,60.48,73.6,377
2025-09-17,51.99,58.89,73.6,377
2025-09-18,46.93,54.4,72.65,375
2025-09-19,46.13,53.33,71.85,375
2025-09-22,35.66,47.45,70.08,373
2025-09-23,37.17,47.59,70.16,374
2025-09-24,41.02,51.21,70.89,373
2025-09-25,44.92,50.27,70.7,374
2025-09-26,40.43,49.73,69.79,376
2025-09-29,34.49,45.99,68.55,374
2025-09-30,29.6,40.27,66.49,375
2025-10-01,30.21,42.51,67.74,374
2025-10-02,26.2,35.03,65.32,374
2025-10-03,24.0,31.2,64.44,375
2025-10-06,41.13,40.59,67.39,372
2025-10-07,32.62,37.97,65.15,374
2025-10-08,36.56,38.98,67.12,372
2025-10-09,37.7,39.3,67.56,374
2025-10-10,39.1,39.63,66.13,376
2025-10-13,38.27,36.66,66.76,371
2025-10-14,30.48,33.42,62.73,374
2025-10-15,32.45,32.45,60.0,376
2025-10-16,37.53,35.39,62.63,373
2025-10-17,31.99,33.06,59.57,372
2025-10-20,16.22,19.68,48.27,376
2025-10-21,20.32,20.59,51.21,374
2025-10-22,24.73,23.39,52.29,372
2025-10-23,26.68,23.45,54.05,371
2025-10-24,25.13,24.06,52.82,374
2025-10-27,26.74,24.6,52.82,374
2025-10-28,33.06,25.54,56.33,372
2025-10-29,45.33,30.67,60.7,375
2025-10-30,44.24,32.44,59.14,373
2025-10-31,41.51,33.96,57.84,371
2025-11-03,36.66,28.57,55.68,371
2025-11-04,39.19,27.84,57.72,370
2025-11-05,41.13,29.57,55.8,372
2025-11-06,39.35,28.38,56.91,371
2025-11-07,31.18,23.99,52.97,372
2025-11-10,28.69,22.58,50.4,373
2025-11-11,31.62,24.39,51.9,370
2025-11-12,44.44,29.89,56.4,369
2025-11-13,48.24,33.15,56.68,369
2025-11-14,47.99,34.41,55.53,373
2025-11-17,59.68,34.59,57.99,372
2025-11-18,58.56,37.63,57.14,374
2025-11-19,50.53,36.36,56.03,376
2025-11-20,47.87,33.69,54.96,376
2025-11-21,44.24,31.81,55.41,373
2025-11-24,39.84,31.72,54.45,374
2025-11-25,32.18,28.34,51.21,376
2025-11-26,42.78,31.99,53.1,374
2025-11-27,42.4,36.19,53.23,375
2025-11-28,39.25,29.73,52.03,372
2025-12-01,40.27,34.85,52.42,375
2025-12-02,40.6,32.6,53.57,367
2025-12-03,49.2,38.98,54.18,374
2025-12-04,59.63,43.82,55.8,374
2025-12-05,51.34,39.19,56.1,372
2025-12-08,41.14,37.53,57.42,367
2025-12-09,39.84,34.41,53.1,374
2025-12-10,37.17,35.22,53.37,374
2025-12-11,33.96,34.41,53.64,374
2025-12-12,19.09,23.78,43.36,372
2025-12-15,19.52,23.66,43.4,374
2025-12-16,30.75,29.57,46.9,374
2025-12-17,26.86,28.07,45.31,376
2025-12-18,29.81,30.98,46.72,369
2025-12-19,30.4,31.28,47.58,375
2025-12-22,40.05,35.85,49.59,372
2025-12-23,37.33,35.29,47.58,375
2025-12-24,36.1,37.0,47.58,374
2025-12-25,32.16,33.33,45.5,370
2025-12-26,28.23,29.65,43.36,372
2025-12-29,32.53,30.91,44.72,372
2025-12-30,38.07,33.24,45.14,373
2025-12-31,38.77,32.09,45.01,374
2026-01-05,35.23,30.35,40.71,369
2026-01-06,38.01,29.38,41.85,371
2026-01-07,49.87,39.41,45.41,373
2026-01-08,48.53,40.27,46.24,375
2026-01-09,42.22,37.57,44.27,379
2026-01-12,53.32,43.62,49.06,377
2026-01-13,59.14,50.13,51.09,372
2026-01-14,57.98,50.27,51.75,376
2026-01-15,60.32,52.93,53.35,378
2026-01-16,60.11,53.74,54.99,376
2026-01-19,61.6,55.76,56.76,375
2026-01-20,57.98,53.21,54.99,376
2026-01-21,52.97,48.91,54.92,370
2026-01-22,63.4,53.33,55.38,377
2026-01-23,52.53,49.33,51.48,375
2026-01-26,37.67,39.2,45.43,377
2026-01-27,38.34,40.7,47.55,373
2026-01-28,37.53,38.81,47.01,373
2026-01-29,45.87,44.24,48.11,375
2026-01-30,46.4,45.04,51.08,375
2026-02-02,43.88,43.85,47.98,376
2026-02-03,48.93,47.31,49.32,374
2026-02-04,50.8,49.73,50.13,376
2026-02-05,39.14,45.28,48.37,373
2026-02-06,27.27,36.56,42.55,374
2026-02-09,26.42,36.31,40.6,371
2026-02-10,24.6,33.33,41.19,374
2026-02-11,32.45,39.57,44.2,376
2026-02-12,36.63,41.94,45.26,374
2026-02-13,41.64,46.13,44.89,377
2026-02-23,57.89,52.38,50.13,380
2026-02-24,60.48,54.93,50.27,377
2026-02-25,63.3,54.01,50.67,376
2026-02-26,62.63,54.5,48.53,380
2026-02-27,58.09,53.46,48.26,377
2026-03-02,43.43,44.35,46.61,373
2026-03-03,40.11,42.59,45.6,379
2026-03-04,35.45,37.83,43.05,378
2026-03-05,33.51,37.73,41.07,379
2026-03-06,30.05,34.84,38.98,376
2026-03-09,9.55,15.65,24.93,377
2026-03-10,13.26,19.63,28.69,377
2026-03-11,19.95,26.06,32.53,376
2026-03-12,18.25,23.67,32.26,378
2026-03-13,20.11,26.86,32.98,378
2026-03-16,22.07,25.4,32.08,376
2026-03-17,22.49,25.53,33.87,378
2026-03-18,21.84,25.66,33.69,380
2026-03-19,19.9,23.16,30.59,382
2026-03-20,19.2,21.72,30.08,375
2026-03-23,12.6,15.36,23.98,373
2026-03-24,18.04,17.87,25.61,377
2026-03-25,29.02,23.08,29.49,379
2026-03-26,28.99,21.93,27.57,376
2026-03-27,40.0,23.81,30.48,380
2026-03-30,40.8,24.66,30.62,375
2026-03-31,47.35,26.6,29.84,378
2026-04-01,56.65,27.01,32.16,376
2026-04-02,51.07,25.54,31.17,374
2026-04-03,43.58,22.58,28.53,374
2026-04-06,32.18,19.79,26.22,376
2026-04-07,32.8,19.84,27.3,375
2026-04-08,64.81,34.84,34.41,378
2026-04-09,61.02,35.68,31.61,372
2026-04-10,65.24,38.98,33.7,374
2026-04-13,61.54,37.6,35.48,377
2026-04-14,64.63,39.57,34.23,376
2026-04-15,64.53,40.48,33.78,375
2026-04-16,60.48,37.33,32.61,377
2026-04-17,61.64,39.1,33.87,378
2026-04-20,61.01,42.67,34.77,377
2026-04-21,49.21,40.26,33.24,382
2026-04-22,48.66,41.13,32.07,374
2026-04-23,42.74,37.63,32.24,372
2026-04-24,43.88,37.77,31.08,376
2026-04-28,38.27,35.58,31.42,371
2026-04-29,40.27,36.22,30.96,370
2026-05-04,42.82,37.77,32.61,376
2026-05-05,38.98,34.95,30.79,372
2026-05-06,44.35,40.59,30.79,372
2026-05-07,37.8,37.53,30.79,373
2026-05-08,33.42,37.74,29.86,371
2026-05-11,34.5,38.27,31.69,371
2026-05-12,33.96,39.62,31.51,371
2026-05-13,36.8,39.2,31.17,375
2026-05-14,37.2,39.89,31.42,371
2026-05-15,38.17,40.86,30.87,372
2026-05-18,41.24,43.13,30.68,371
2026-05-19,33.24,37.77,29.65,376
2026-05-20,27.42,32.26,26.98,372
2026-05-21,27.79,33.51,26.8,367
2026-05-22,29.49,32.17,26.9,373
2026-05-25,25.94,32.89,26.02,374
2026-05-26,31.79,38.04,27.55,368
2026-05-27,38.44,38.71,26.5,372
2026-05-28,31.54,34.77,28.42,371
2026-05-29,29.3,35.22,27.6,372
2026-06-01,31.69,34.97,26.87,366
2026-06-02,27.03,30.81,23.56,370
2026-06-03,28.88,32.15,24.1,367
2026-06-04,28.8,30.98,26.8,368
2026-06-05,30.25,30.79,26.52,367
2026-06-08,22.37,25.88,22.95,371
2026-06-09,24.86,24.86,23.01,370
2026-06-10,28.69,26.78,24.65,366
2026-06-11,32.69,29.12,23.4,364
2026-06-12,32.33,27.67,22.78,365
2026-06-15,41.89,30.27,25.75,370
2026-06-16,48.66,34.14,27.05,372
2026-06-17,52.99,34.78,27.62,368
2026-06-18,48.37,33.79,25.76,368
2026-06-19,40.27,31.32,26.54,365
2026-06-22,40.44,31.51,27.3,366
2026-06-23,39.19,30.35,25.07,370
2026-06-24,35.44,29.2,24.02,364
2026-06-25,34.71,28.73,25.28,363
2026-06-26,36.51,30.05,25.83,367
2026-06-29,42.47,32.35,28.49,372
2026-06-30,44.96,34.15,28.06,367
2026-07-01,49.86,38.32,28.93,369
2026-07-02,48.91,37.33,29.64,368
2026-07-03,43.94,37.3,28.85,371
2026-07-06,35.07,31.32,25.7,365
2026-07-07,35.52,32.88,27.22,366
2026-07-08,35.68,33.6,28.57,370
2026-07-09,35.36,32.41,25.63,362
2026-07-10,29.83,29.36,24.79,362
2026-07-13,21.68,24.73,23.48,369
2026-07-14,26.24,26.59,23.88,362
2026-07-15,20.17,23.6,22.79,357
2026-07-16,23.42,25.97,22.13,363
2026-07-17,22.07,24.04,22.78,367
2026-07-20,15.7,19.89,19.61,363
2026-07-21,15.76,17.98,18.23,368
2026-07-22,10.8,15.0,16.06,361
2026-07-23,14.17,18.58,18.56,367
2026-07-24,14.44,17.49,18.28,367
2026-07-27,15.07,16.21,16.71,365
2026-07-28,14.48,16.99,16.94,366
2026-07-29,15.43,18.78,18.21,363
2026-07-30,27.72,24.18,19.67,368
2026-07-31,27.37,21.95,19.83,369
2026-08-03,36.16,26.03,20.39,365
2026-08-04,41.76,28.3,20.95,364
2026-08-05,44.14,28.61,22.44,367
2026-08-06,41.94,26.94,20.96,360
2026-08-07,48.04,29.89,23.36,358
2026-08-10,61.41,35.05,24.03,368
2026-08-11,65.76,34.24,25.14,368
2026-08-12,68.23,34.81,24.37,362
2026-08-13,60.99,33.24,24.86,364
2026-08-14,52.2,31.59,24.23,364
2026-08-17,55.18,29.69,24.22,357
2026-08-18,49.04,28.77,23.89,365
2026-08-19,45.43,27.42,24.23,361
2026-08-20,42.66,29.36,25.84,361
2026-08-21,62.23,34.24,27.9,368
2026-08-24,65.14,38.92,26.92,370
2026-08-25,55.25,36.19,25.84,362
2026-08-26,56.99,40.82,27.22,365
2026-08-27,55.77,42.54,28.57,355
2026-08-28,53.46,40.44,27.61,361
2026-09-03,47.96,38.42,25.14,367
2026-09-04,44.29,37.23,26.72,368
2026-09-07,35.81,34.25,25.77,363
2026-09-08,39.12,35.36,25.0,363
2026-09-09,33.52,34.72,26.84,361
2026-09-10,34.63,35.0,24.58,361
2026-09-11,26.03,31.04,22.28,365
2026-09-14,25.14,28.01,23.3,358
2026-09-15,29.4,31.68,25.21,364
2026-09-16,29.12,32.23,25.21,364
2026-09-17,33.7,33.88,25.56,368
2026-09-18,36.93,37.94,24.79,371
2026-09-21,31.75,36.69,26.14,359
2026-09-22,34.54,37.54,27.27,359
2026-09-23,36.21,37.82,25.85,359
2026-09-24,29.33,33.71,23.65,358
2026-09-25,32.68,34.55,24.0,358
2026-09-28,31.3,32.87,25.14,361
2026-09-29,31.48,33.61,23.93,359
2026-09-30,30.88,33.05,22.83,353
2026-10-01,31.34,32.95,21.8,351
