Cập nhật lúc,07/10/2026 15:34,Nến mới nhất,07/10 14h,,,,,,,,,,,
Mã tăng (HOSE),136,,,,,,,,,,,,,
Mã giảm (HOSE),220,,,,,,,,,,,,,
Đứng giá (HOSE),9,,,,,,,,,,,,,
VN-Index,Chỉ số,07/10 14h,1753.39,0.0021,49.4,46.7,71.0,32.2,48.0,"Dương, tăng dần",1747.05,0.0036,1.13,Trung tính
VIC,Vingroup,07/10 14h,230.0,0.0061,51.5,48.4,17.2,9.9,60.2,"Âm, tăng dần",228.48,0.0067,2.96,Trung tính
VHM,Vingroup,07/10 14h,68.0,0.0,46.5,46.5,-8.4,-34.4,49.9,"Âm, giảm dần",68.15,-0.0021,1.38,Trung tính
MSN,Masan,07/10 14h,75.2,0.0094,76.9,74.3,232.8,230.8,95.6,"Dương, tăng dần",72.03,0.0441,2.07,Quá mua
MCH,Masan,07/10 14h,142.7,0.0071,65.4,61.1,143.7,126.5,71.4,"Dương, tăng dần",139.95,0.0196,2.49,Quá mua
TCB,Ngân hàng,07/10 14h,32.3,0.0094,51.2,44.3,16.7,-56.8,68.8,"Dương, tăng dần",32.16,0.0043,1.78,Trung tính
HDB,Ngân hàng,07/10 14h,28.1,0.0163,56.1,45.2,14.4,-81.9,49.5,"Âm, tăng dần",27.92,0.0064,1.71,Trung tính
VPB,Ngân hàng,07/10 14h,23.4,0.0021,63.6,62.3,228.0,160.9,85.5,"Dương, tăng dần",22.98,0.0181,2.33,Quá mua
VCB,Ngân hàng,07/10 14h,57.2,-0.0017,48.3,50.2,58.8,38.9,51.5,"Dương, tăng dần",57.06,0.0025,0.71,Trung tính
FPT,Công nghệ,07/10 14h,59.7,-0.005,15.6,17.4,-105.2,-100.2,22.3,"Âm, tăng dần",61.34,-0.0267,1.95,"Quá bán, chờ quay đầu"
HPG,Thép,07/10 14h,20.35,-0.0025,49.4,51.6,30.7,28.9,40.3,"Dương, giảm dần",20.31,0.0018,0.98,Trung tính
MWG,Bán lẻ,07/10 14h,76.9,0.0105,82.5,79.3,147.7,152.6,88.0,"Dương, tăng dần",73.75,0.0427,1.72,Quá mua
VNM,Thực phẩm,07/10 14h,58.0,-0.0017,44.6,46.2,40.7,54.7,60.4,"Dương, giảm dần",57.82,0.0031,0.62,Trung tính
GAS,Dầu khí,07/10 14h,78.4,-0.0038,38.0,39.6,-65.7,-62.9,57.1,"Dương, giảm dần",79.39,-0.0125,0.86,Trung tính
BSR,Dầu khí,07/10 14h,31.75,0.0176,61.1,53.2,114.4,65.5,69.5,"Dương, tăng dần",30.87,0.0286,1.16,Quá mua
GVR,Cao su,07/10 14h,34.0,0.0104,62.1,58.2,144.2,131.0,63.9,"Dương, tăng dần",33.05,0.0289,1.55,Quá mua
07/10 14h,1749.06,1757.27,1748.6,1753.39,160.4,49.4,71.0,48.0,1.54,"Dương, tăng dần",1747.05,Trung tính,,
07/10 13h,1744.75,1755.47,1743.24,1749.78,187.6,46.7,32.2,46.6,1.26,"Dương, tăng dần",1746.85,Trung tính,,
07/10 11h,1745.89,1748.28,1744.81,1744.81,33.5,42.9,-15.0,35.0,1.16,"Dương, giảm dần",1746.84,Trung tính,,
07/10 10h,1749.6,1750.48,1744.73,1745.56,109.8,43.3,-10.1,43.0,1.49,"Dương, giảm dần",1747.51,Trung tính,,
07/10 09h,1760.54,1760.54,1747.95,1749.38,106.1,45.5,40.8,47.0,1.92,"Dương, giảm dần",1748.28,Trung tính,,
06/10 14h,1743.62,1759.08,1743.28,1759.08,237.3,51.7,45.9,46.9,2.16,"Dương, tăng dần",1748.77,Trung tính,,
06/10 13h,1745.34,1745.34,1734.94,1743.41,269.6,39.4,-73.2,37.1,1.47,"Dương, giảm dần",1749.24,Trung tính,,
06/10 11h,1750.34,1750.34,1740.64,1746.49,95.4,41.3,-44.4,39.1,1.96,"Dương, giảm dần",1750.72,Trung tính,,
06/10 10h,1758.49,1763.84,1750.14,1750.3,126.6,43.8,11.8,36.7,2.38,"Dương, giảm dần",1752.3,Trung tính,,
06/10 09h,1755.34,1762.36,1755.01,1758.35,95.7,49.5,26.3,38.3,2.59,"Dương, tăng dần",1753.69,Trung tính,,
05/10 14h,1754.3,1755.28,1749.41,1753.2,159.1,45.2,-15.7,38.5,2.02,"Dương, tăng dần",1754.84,Trung tính,,
05/10 13h,1752.63,1756.3,1750.75,1754.79,183.7,46.4,-13.8,39.5,1.62,"Dương, tăng dần",1756.06,Trung tính,,
05/10 11h,1746.45,1754.31,1746.0,1752.97,37.4,44.9,-32.0,29.8,0.83,"Dương, tăng dần",1757.14,Trung tính,,
05/10 10h,1747.97,1748.25,1741.61,1746.42,81.6,39.4,-62.5,25.7,-0.15,"Âm, tăng dần",1758.45,Trung tính,,
05/10 09h,1738.92,1754.11,1738.78,1747.75,114.0,40.2,-62.9,26.3,-0.88,"Âm, tăng dần",1760.12,Có tín hiệu mua,,
02/10 14h,1742.05,1742.58,1734.53,1737.71,263.5,30.9,-108.5,20.8,-1.94,"Âm, tăng dần",1761.47,"Quá bán, chờ quay đầu",,
02/10 13h,1738.7,1751.6,1736.76,1741.66,242.5,32.7,-98.8,30.6,-2.3,"Âm, tăng dần",1763.62,Có tín hiệu mua,,
02/10 11h,1732.01,1739.5,1731.29,1739.5,63.9,30.6,-146.7,18.0,-2.93,"Âm, tăng dần",1765.14,Có tín hiệu mua,,
02/10 10h,1734.24,1740.62,1731.03,1732.07,110.4,22.9,-192.0,14.1,-3.32,"Âm, giảm dần",1766.6,"Quá bán, chờ quay đầu",,
02/10 09h,1747.29,1750.37,1734.42,1734.42,149.1,23.6,-211.0,16.2,-2.79,"Âm, giảm dần",1768.53,"Quá bán, chờ quay đầu",,
01/10 14h,1750.2,1750.2,1744.31,1749.3,166.2,29.5,-201.4,22.2,-1.82,"Âm, giảm dần",1770.19,"Quá bán, chờ quay đầu",,
01/10 13h,1757.92,1761.19,1749.42,1749.69,215.3,29.7,-189.1,23.1,-1.54,"Âm, giảm dần",1771.98,"Quá bán, chờ quay đầu",,
01/10 11h,1760.95,1760.98,1756.75,1758.17,43.0,33.9,-173.8,33.2,-0.9,"Âm, giảm dần",1774.01,"Quá bán, chờ quay đầu",,
01/10 10h,1759.43,1766.88,1759.08,1760.99,101.6,35.4,-169.0,42.2,-0.56,"Âm, giảm dần",1774.83,"Quá bán, chờ quay đầu",,
01/10 09h,1765.71,1768.05,1755.16,1759.04,112.4,33.5,-230.7,37.5,-0.18,"Âm, giảm dần",1775.53,"Quá bán, chờ quay đầu",,
30/09 14h,1772.77,1773.2,1767.36,1768.62,176.4,38.8,-130.2,37.3,0.74,"Dương, giảm dần",1776.27,"Quá bán, chờ quay đầu",,
30/09 13h,1777.18,1780.0,1772.38,1772.87,185.7,41.5,-42.3,38.1,1.27,"Dương, giảm dần",1776.6,Trung tính,,
30/09 11h,1778.12,1779.44,1776.3,1778.14,35.2,45.2,10.4,49.0,1.66,"Dương, giảm dần",1777.06,Trung tính,,
30/09 10h,1780.99,1783.96,1776.01,1778.11,93.3,45.1,36.0,56.4,1.7,"Dương, giảm dần",1777.12,Trung tính,,
30/09 09h,1780.67,1786.2,1779.11,1781.3,159.8,47.3,86.2,58.3,1.73,"Dương, tăng dần",1777.11,Trung tính,,
