ma,rs,tang_60_phien
AAA,69,-0.0195
AAM,96,0.2341
AAN,68,-0.0224
AAT,2,-0.3453
ABR,38,-0.1093
ABS,39,-0.1063
ABT,64,-0.0329
ACB,50,-0.0664
ACC,1,-0.6248
ACG,55,-0.0532
ACL,40,-0.104
ADG,77,0.0119
ADP,90,0.0869
ADS,67,-0.0251
AFX,61,-0.0414
AGG,28,-0.1501
AGR,8,-0.2719
ANT,7,-0.2767
ANV,25,-0.1605
APG,17,-0.2023
APH,97,0.2761
ASG,58,-0.0476
ASM,27,-0.1508
ASP,99,0.7039
AST,65,-0.0304
BAF,82,0.0301
BCE,3,-0.3342
BCM,13,-0.2367
BFC,92,0.1028
BHN,79,0.0218
BIC,56,-0.0526
BID,41,-0.097
BKG,7,-0.2783
BMC,20,-0.1774
BMI,80,0.0248
BMP,53,-0.0575
BRC,71,-0.0099
BSI,3,-0.3311
BSR,97,0.2698
BTP,35,-0.1196
BTT,65,-0.0269
BVB,12,-0.237
BVH,97,0.2739
BWE,47,-0.0775
C32,71,-0.0092
C47,34,-0.1223
CCC,17,-0.1974
CCI,47,-0.0782
CCL,16,-0.2119
CDC,92,0.0992
CHP,78,0.0169
CIG,72,-0.0056
CII,5,-0.2985
CKG,24,-0.1629
CLC,90,0.0887
CLL,67,-0.0232
CLW,93,0.1083
CMG,15,-0.2214
CMV,28,-0.1469
CMX,23,-0.1673
CNG,74,0.0
COM,11,-0.2468
CRC,23,-0.1667
CRE,40,-0.104
CRV,19,-0.1893
CSM,49,-0.0688
CSV,38,-0.1089
CTD,18,-0.1939
CTF,87,0.0486
CTG,36,-0.118
CTI,30,-0.1371
CTR,63,-0.0348
CTS,4,-0.3114
CVT,84,0.0393
D2D,32,-0.1296
DAH,4,-0.3145
DAT,77,0.0113
DBC,29,-0.1444
DBD,56,-0.0525
DBT,83,0.0312
DC4,37,-0.1143
DCL,95,0.2173
DCM,70,-0.013
DGC,50,-0.066
DGW,94,0.1574
DHA,93,0.1303
DHC,95,0.1818
DHG,76,0.0101
DHM,89,0.0758
DIG,21,-0.1763
DLG,16,-0.2103
DMC,64,-0.0308
DPG,11,-0.2482
DPM,82,0.0302
DPR,72,-0.0078
DQC,86,0.0469
DRC,25,-0.1603
DRH,27,-0.1525
DRL,75,0.0059
DSC,5,-0.2959
DSE,51,-0.0625
DSN,68,-0.0213
DTA,52,-0.0611
DTL,56,-0.0522
DTT,51,-0.0645
DVP,91,0.093
DXG,25,-0.1605
DXS,5,-0.2978
DXV,33,-0.1273
ECO,1,-0.445
EIB,19,-0.1832
ELC,15,-0.2197
EVE,55,-0.0546
EVF,38,-0.1089
EVG,9,-0.2573
FCM,31,-0.1362
FCN,36,-0.1159
FDC,98,0.2943
FIR,1,-0.5155
FIT,22,-0.1713
FMC,49,-0.0669
FPT,49,-0.0669
FRT,96,0.2214
FTS,2,-0.3474
GAS,91,0.0987
GDT,57,-0.0514
GEE,18,-0.1971
GEG,36,-0.1194
GEL,53,-0.059
GEX,15,-0.2198
GHC,46,-0.0824
GIL,4,-0.3078
GMD,79,0.0211
GMH,42,-0.0946
GSP,72,-0.005
GTA,37,-0.111
GVR,85,0.0413
HAG,74,0.0
HAH,82,0.0289
HAP,85,0.0412
HAR,8,-0.2707
HAS,91,0.0914
HAX,37,-0.1115
HCD,44,-0.0848
HCM,58,-0.047
HDB,82,0.0271
HDC,5,-0.2935
HDG,18,-0.1952
HHP,97,0.2713
HHS,23,-0.1651
HHV,21,-0.1724
HID,78,0.0145
HII,98,0.5
HMC,65,-0.0273
HNA,43,-0.085
HPA,14,-0.2292
HPG,32,-0.132
HPX,36,-0.1187
HQC,12,-0.2439
HRC,21,-0.1714
HSG,31,-0.1322
HSL,95,0.1978
HT1,50,-0.0659
HTG,59,-0.0441
HTI,55,-0.0547
HTL,81,0.026
HTN,99,0.5832
HTV,65,-0.0291
HU1,6,-0.2868
HUB,61,-0.0423
HVH,79,0.0197
HVN,16,-0.2111
ICT,87,0.0488
IDI,24,-0.1621
IJC,12,-0.2399
ILB,48,-0.0703
IMP,37,-0.1114
ITC,29,-0.1459
ITD,25,-0.1602
JVC,13,-0.2367
KBC,33,-0.125
KDC,81,0.0263
KDH,7,-0.2792
KHG,52,-0.0594
KHP,62,-0.0355
KLB,63,-0.0332
KMR,33,-0.1275
KOS,1,-0.5978
KSB,32,-0.1306
L10,54,-0.0555
LAF,83,0.0349
LBM,76,0.0069
LCG,11,-0.2443
LDG,17,-0.2071
LGC,90,0.0891
LGL,13,-0.2358
LHG,72,-0.0056
LIX,45,-0.0833
LM8,74,0.0044
LPB,10,-0.2528
LSS,59,-0.0453
MBB,48,-0.0737
MCH,81,0.0266
MCM,46,-0.0784
MCP,74,0.0036
MDG,70,-0.0132
MHC,14,-0.232
MIG,68,-0.02
MSB,86,0.0438
MSH,49,-0.0692
MSN,83,0.0306
MWG,61,-0.0408
MZG,83,0.0346
NAB,59,-0.0458
NAF,71,-0.0113
NAV,64,-0.0316
NBB,66,-0.0258
NCT,61,-0.0401
NHA,22,-0.1712
NHH,57,-0.0515
NHT,43,-0.0879
NKG,14,-0.2333
NLG,28,-0.1462
NNC,45,-0.0833
NO1,9,-0.2541
NSC,39,-0.1072
NT2,77,0.0136
NTC,77,0.0137
NTL,12,-0.24
NVL,24,-0.1613
NVT,35,-0.1222
OCB,37,-0.1101
OGC,7,-0.2776
OPC,79,0.0225
ORS,43,-0.0856
PAC,15,-0.2231
PAN,26,-0.1558
PC1,39,-0.1088
PDN,26,-0.1537
PDR,16,-0.2168
PDV,69,-0.0142
PET,98,0.3573
PGC,95,0.1895
PGD,73,-0.0009
PGI,91,0.0967
PGV,89,0.0788
PHC,38,-0.1089
PHR,60,-0.0427
PIT,76,0.0083
PJT,84,0.0394
PLP,29,-0.1446
PLX,88,0.0626
PMG,26,-0.1598
PNC,12,-0.2428
PNJ,1,-0.5463
POW,31,-0.1361
PPC,46,-0.0811
PTB,21,-0.1765
PTC,23,-0.1674
PTL,20,-0.1773
PVD,47,-0.0783
PVP,98,0.3564
PVT,96,0.2368
QCG,28,-0.1483
QNP,75,0.0066
RAL,41,-0.0958
REE,73,-0.0011
RYG,86,0.044
S4A,70,-0.0128
SAB,62,-0.0398
SAM,81,0.027
SAV,51,-0.0632
SBA,48,-0.076
SBG,94,0.1577
SBT,87,0.0519
SBV,56,-0.0516
SC5,50,-0.0667
SCR,19,-0.1894
SCS,50,-0.0655
SFC,75,0.0055
SFG,74,0.0
SFI,51,-0.0616
SGN,44,-0.0841
SGR,58,-0.0466
SGT,3,-0.3382
SHA,66,-0.0251
SHB,22,-0.1679
SHI,73,-0.0036
SHP,60,-0.043
SIP,68,-0.0221
SJD,70,-0.0142
SJS,92,0.1004
SKG,30,-0.1394
SMA,3,-0.337
SMB,88,0.0698
SMC,53,-0.0575
SPM,52,-0.0597
SRC,32,-0.1322
SRF,78,0.0153
SSB,84,0.0396
SSC,14,-0.2315
SSI,42,-0.0922
ST8,11,-0.244
STB,63,-0.0339
STG,94,0.1583
STK,22,-0.1709
SVC,80,0.0254
SVD,93,0.1239
SVT,62,-0.0374
SZC,24,-0.1646
SZL,69,-0.0173
TAL,39,-0.1051
TBC,73,-0.0031
TCB,58,-0.0473
TCH,30,-0.1377
TCI,62,-0.0398
TCL,63,-0.0333
TCM,13,-0.2369
TCO,67,-0.0231
TCR,31,-0.1362
TCT,44,-0.0848
TCX,10,-0.2518
TDC,6,-0.2912
TDG,34,-0.1224
TDH,20,-0.1778
TDM,87,0.0578
TDP,85,0.0429
TDW,80,0.0227
TEG,66,-0.0252
THG,26,-0.1569
TIP,55,-0.0543
TIX,66,-0.0259
TLD,57,-0.0506
TLG,94,0.1342
TLH,2,-0.347
TMP,89,0.0719
TMS,42,-0.094
TMT,69,-0.0174
TN1,35,-0.1195
TNC,60,-0.0425
TNH,6,-0.2797
TNI,44,-0.0846
TNT,45,-0.0837
TPB,33,-0.125
TPC,92,0.1019
TRA,46,-0.0787
TRC,96,0.2228
TSA,29,-0.1429
TSC,18,-0.1955
TTA,57,-0.0485
TTE,99,0.6975
TTF,4,-0.301
TV2,47,-0.0782
TVB,17,-0.1974
TVS,88,0.0593
TVT,93,0.1066
TYA,80,0.0242
UIC,20,-0.1788
VAB,35,-0.1202
VBB,89,0.0769
VCA,54,-0.0554
VCB,52,-0.0607
VCF,62,-0.0382
VCG,9,-0.268
VCI,10,-0.251
VCK,19,-0.1893
VDP,53,-0.0583
VDS,2,-0.3982
VFG,42,-0.0933
VGC,90,0.0841
VHC,34,-0.1228
VHM,41,-0.0953
VIB,40,-0.1004
VIC,78,0.0168
VID,40,-0.1012
VIP,59,-0.0439
VIX,10,-0.2489
VJC,48,-0.0737
VMD,54,-0.0567
VND,6,-0.2907
VNG,33,-0.129
VNL,75,0.0054
VNM,85,0.0399
VNS,25,-0.1613
VOS,71,-0.0125
VPB,86,0.0457
VPD,54,-0.0553
VPG,1,-0.4362
VPH,9,-0.2593
VPI,87,0.05
VPL,60,-0.0425
VPS,45,-0.0829
VPX,27,-0.1524
VRC,41,-0.1
VRE,30,-0.1371
VSC,8,-0.2764
VSH,76,0.0093
VSI,8,-0.2721
VTB,43,-0.0909
VTO,88,0.0664
VTP,64,-0.0332
VVS,67,-0.0239
YBM,84,0.035
YEG,27,-0.1523
