date,close,high,low,kl_trieu,tang,giam,dung_gia
2026-04-10,1750.0,1762.84,1747.08,961.8,,,
2026-04-13,1758.96,1765.67,1733.18,880.4,,,
2026-04-14,1775.65,1784.43,1765.52,889.4,,,
2026-04-15,1800.65,1801.89,1786.65,948.7,,,
2026-04-16,1819.83,1824.03,1799.18,1000.7,,,
2026-04-17,1817.17,1846.19,1814.47,742.3,,,
2026-04-20,1837.11,1838.74,1802.42,690.1,,,
2026-04-21,1833.48,1866.1,1833.48,866.6,,,
2026-04-22,1857.3,1861.34,1819.21,708.1,,,
2026-04-23,1870.36,1888.99,1855.09,1031.0,,,
2026-04-24,1853.29,1881.93,1843.63,673.9,,,
2026-04-28,1875.84,1887.69,1848.98,629.7,,,
2026-04-29,1854.1,1881.18,1840.58,722.3,,,
2026-05-04,1854.06,1876.8,1840.43,692.7,,,
2026-05-05,1874.85,1875.97,1849.32,773.5,,,
2026-05-06,1891.2,1892.0,1868.92,875.2,,,
2026-05-07,1909.01,1924.95,1896.45,961.0,,,
2026-05-08,1915.37,1921.81,1897.06,944.2,,,
2026-05-11,1895.5,1927.06,1892.1,960.7,,,
2026-05-12,1901.1,1906.64,1871.44,733.3,,,
2026-05-13,1898.37,1908.77,1865.12,972.8,,,
2026-05-14,1925.46,1927.7,1883.98,675.1,,,
2026-05-15,1921.6,1930.58,1909.69,744.6,,,
2026-05-18,1927.94,1932.62,1908.78,820.7,,,
2026-05-19,1912.93,1933.11,1902.87,1007.6,,,
2026-05-20,1913.23,1919.39,1859.22,1197.6,,,
2026-05-21,1896.89,1923.21,1886.62,677.3,,,
2026-05-22,1877.13,1896.74,1856.08,854.2,,,
2026-05-25,1886.03,1891.26,1876.37,702.6,,,
2026-05-26,1884.18,1889.15,1876.32,729.8,,,
2026-05-27,1874.43,1889.87,1861.85,830.5,,,
2026-05-28,1863.67,1882.66,1857.25,686.2,,,
2026-05-29,1863.49,1873.17,1854.34,688.1,,,
2026-06-01,1844.54,1871.09,1840.4,507.0,,,
2026-06-02,1826.47,1858.76,1822.32,727.0,,,
2026-06-03,1819.01,1831.65,1798.05,722.9,,,
2026-06-04,1831.55,1831.55,1812.65,601.3,,,
2026-06-05,1838.9,1846.71,1830.37,503.0,,,
2026-06-08,1790.53,1822.95,1789.31,714.6,,,
2026-06-09,1793.05,1800.8,1780.71,527.1,,,
2026-06-10,1803.71,1805.03,1789.48,625.0,,,
2026-06-11,1798.61,1801.99,1788.64,410.7,,,
2026-06-12,1791.65,1813.57,1788.56,640.2,,,
2026-06-15,1799.31,1810.41,1775.72,792.1,,,
2026-06-16,1807.94,1811.59,1799.86,672.8,,,
2026-06-17,1806.2,1808.57,1787.89,821.6,,,
2026-06-18,1830.47,1836.4,1819.62,633.6,,,
2026-06-19,1824.53,1838.52,1798.56,608.3,,,
2026-06-22,1857.91,1859.78,1822.58,517.6,,,
2026-06-23,1869.04,1886.6,1863.4,945.4,,,
2026-06-24,1878.02,1894.75,1861.72,633.1,,,
2026-06-25,1863.07,1880.16,1854.08,490.6,,,
2026-06-26,1871.91,1873.91,1854.94,533.6,,,
2026-06-29,1854.97,1869.52,1852.2,599.9,,,
2026-06-30,1860.01,1863.14,1844.66,692.8,,,
2026-07-01,1867.21,1871.68,1859.68,615.1,,,
2026-07-02,1866.35,1873.87,1863.75,565.1,,,
2026-07-03,1862.08,1872.98,1857.28,610.8,,,
2026-07-06,1843.5,1873.58,1829.05,798.8,,,
2026-07-07,1848.25,1848.25,1825.79,555.7,,,
2026-07-08,1853.7,1855.74,1842.19,665.0,,,
2026-07-09,1840.7,1850.56,1838.26,587.3,,,
2026-07-10,1828.34,1845.86,1827.5,592.7,,,
2026-07-13,1800.54,1829.5,1781.45,849.6,,,
2026-07-14,1806.63,1806.63,1774.22,564.8,,,
2026-07-15,1782.12,1805.93,1776.83,607.4,,,
2026-07-16,1804.24,1804.3,1757.42,788.7,,,
2026-07-17,1787.45,1803.14,1780.3,436.7,,,
2026-07-20,1743.51,1783.83,1736.43,862.6,,,
2026-07-21,1730.56,1750.3,1722.55,789.1,,,
2026-07-22,1668.53,1736.91,1666.43,915.0,,,
2026-07-23,1699.38,1703.48,1658.35,864.5,,,
2026-07-24,1686.11,1696.78,1674.64,589.6,,,
2026-07-27,1669.01,1700.69,1667.66,635.4,,,
2026-07-28,1680.62,1684.54,1651.2,806.0,,,
2026-07-29,1704.68,1704.68,1675.19,560.5,,,
2026-07-30,1744.66,1744.8,1701.14,857.4,,,
2026-07-31,1735.78,1764.45,1708.61,762.5,,,
2026-08-03,1762.84,1767.58,1737.26,770.8,,,
2026-08-04,1777.23,1777.23,1759.64,686.9,,,
2026-08-05,1776.46,1790.87,1769.44,759.3,,,
2026-08-06,1764.78,1784.65,1762.34,579.9,,,
2026-08-07,1768.06,1774.61,1756.07,660.6,,,
2026-08-10,1776.77,1785.38,1759.06,732.7,,,
2026-08-11,1773.41,1789.35,1766.4,640.9,,,
2026-08-12,1793.18,1794.01,1770.63,573.0,,,
2026-08-13,1765.63,1798.79,1762.96,750.5,,,
2026-08-14,1729.08,1763.6,1717.64,737.5,,,
2026-08-17,1727.46,1735.2,1715.91,522.0,,,
2026-08-18,1732.02,1750.86,1724.33,550.5,,,
2026-08-19,1726.69,1734.39,1719.16,582.7,,,
2026-08-20,1734.24,1742.38,1729.48,464.4,,,
2026-08-21,1768.12,1768.31,1725.4,783.5,,,
2026-08-24,1788.78,1795.38,1778.4,880.2,,,
2026-08-25,1791.41,1812.18,1785.22,839.7,,,
2026-08-26,1821.32,1821.32,1787.8,731.2,,,
2026-08-27,1831.56,1838.25,1815.42,610.8,,,
2026-08-28,1832.12,1838.2,1819.16,643.9,,,
2026-09-03,1827.72,1829.84,1802.11,633.3,,,
2026-09-04,1853.08,1862.63,1829.66,618.7,,,
2026-09-07,1821.64,1874.48,1821.64,643.8,,,
2026-09-08,1830.44,1831.31,1814.5,559.5,,,
2026-09-09,1827.12,1848.17,1822.63,566.8,,,
2026-09-10,1829.23,1834.96,1812.98,484.6,,,
2026-09-11,1795.21,1822.44,1795.21,697.7,,,
2026-09-14,1788.23,1799.1,1776.85,824.0,,,
2026-09-15,1811.15,1812.07,1794.76,642.5,,,
2026-09-16,1810.11,1816.26,1805.2,592.8,,,
2026-09-17,1822.77,1830.35,1801.42,720.9,,,
2026-09-18,1815.66,1841.2,1815.66,881.2,,,
2026-09-21,1799.67,1829.03,1786.37,656.1,,,
2026-09-22,1816.93,1816.93,1787.62,539.3,,,
2026-09-23,1801.65,1822.67,1801.65,669.6,,,
2026-09-24,1775.09,1801.07,1772.24,654.7,,,
2026-09-25,1785.11,1796.29,1771.57,624.3,,,
2026-09-28,1780.68,1788.0,1763.62,676.7,,,
2026-09-29,1777.73,1782.65,1772.54,537.9,,,
2026-09-30,1768.62,1786.2,1767.36,650.4,,,
2026-10-01,1749.3,1768.05,1744.31,638.5,,,
2026-10-02,1737.71,1751.6,1731.03,829.4,,,
